ASV;baseMean;log2FoldChange;lfcSE;stat;pvalue;padj;Kingdom;Phylum;Class;Order;Family;Genus
ASV1;74,35683623398675;4,69396679316630;1,52783170710920;3,07230617830790;2,12411727545815e-03;8,42219926702639e-03;Bacteria;Firmicutes;Bacilli;Lactobacillales;Lactobacillaceae;Lactobacillus
ASV2;67,71617457853399;4,20978115802627;1,45414481740421;2,89502194529781;3,79132026195103e-03;1,29498710152183e-02;Bacteria;Firmicutes;Bacilli;Lactobacillales;Lactobacillaceae;Lactobacillus
ASV3;67,17243942787110;3,75368261325253;1,42225336878374;2,63925028805699;8,30896112497194e-03;2,32077879697492e-02;Bacteria;Firmicutes;Bacilli;Lactobacillales;Lactobacillaceae;Lactobacillus
ASV4;64,60893674930175;4,38841827579107;1,47492547355588;2,97534916473513;2,92655231906654e-03;1,04361960057279e-02;Bacteria;Firmicutes;Bacilli;Lactobacillales;Lactobacillaceae;Lactobacillus
ASV5;58,96683929260313;4,58756681798699;1,50177992107774;3,05475306574532;2,25245894323362e-03;8,68805592390111e-03;Bacteria;Firmicutes;Bacilli;Lactobacillales;Lactobacillaceae;Lactobacillus
ASV6;62,16695422142646;4,44230046037970;1,44755597582191;3,06882810376808;2,14900203969817e-03;8,46169553131154e-03;Bacteria;Firmicutes;Bacilli;Lactobacillales;Lactobacillaceae;Lactobacillus
ASV7;58,45764938880549;4,13247184507055;1,43357120090426;2,88264150567749;3,94355965625579e-03;1,33892115275271e-02;Bacteria;Firmicutes;Bacilli;Lactobacillales;Lactobacillaceae;Lactobacillus
ASV8;58,56320868809458;4,66927279324905;1,50035747113230;3,11210686992161;1,85757239952229e-03;7,63219964151550e-03;Bacteria;Firmicutes;Bacilli;Lactobacillales;Lactobacillaceae;Lactobacillus
ASV9;56,44336584207826;4,62899467005165;1,48533852222450;3,11645769687511;1,83037939786204e-03;7,61576356870782e-03;Bacteria;Firmicutes;Bacilli;Lactobacillales;Lactobacillaceae;Lactobacillus
ASV10;56,43181224681026;4,27735031170731;1,50093163567642;2,84979689283426;4,37471553431889e-03;1,44213006276675e-02;Bacteria;Firmicutes;Bacilli;Lactobacillales;Lactobacillaceae;Lactobacillus
ASV11;56,13262513580412;4,03653093692473;1,43647760096769;2,81002010348474;4,95384055304187e-03;1,58690824495748e-02;Bacteria;Firmicutes;Bacilli;Lactobacillales;Lactobacillaceae;Lactobacillus
ASV12;56,29844124055433;4,46494941822780;1,50966716691221;2,95757205037462;3,10072274535956e-03;1,08525296087585e-02;Bacteria;Firmicutes;Bacilli;Lactobacillales;Lactobacillaceae;Lactobacillus
ASV13;53,16913927438387;4,73957038896574;1,44110155734707;3,28885245096177;1,00596745064755e-03;4,93172179486569e-03;Bacteria;Firmicutes;Bacilli;Lactobacillales;Lactobacillaceae;Lactobacillus
ASV15;51,24082467083099;3,85962207168757;1,45106637606765;2,65985218549895;7,81749516033385e-03;2,20523370940761e-02;Bacteria;Firmicutes;Bacilli;Lactobacillales;Lactobacillaceae;Lactobacillus
ASV17;47,39457416993741;4,29053382859730;1,48200232602659;2,89509250643397;3,79046810964741e-03;1,29498710152183e-02;Bacteria;Firmicutes;Bacilli;Lactobacillales;Lactobacillaceae;Lactobacillus
ASV18;48,66318613844653;4,43926504611520;1,43976768720405;3,08332037561976;2,04704646811867e-03;8,29053819588060e-03;Bacteria;Firmicutes;Bacilli;Lactobacillales;Lactobacillaceae;Lactobacillus
ASV19;47,25281190913734;4,64856810210785;1,47680593586255;3,14771764469703;1,64550555607552e-03;7,23257093251799e-03;Bacteria;Firmicutes;Bacilli;Lactobacillales;Lactobacillaceae;Lactobacillus
ASV20;46,17652339969172;4,29177280760254;1,39493082093028;3,07669222244324;2,09311298032130e-03;8,35771168902940e-03;Bacteria;Firmicutes;Bacilli;Lactobacillales;Lactobacillaceae;Lactobacillus
ASV24;43,10052249574748;4,61589683352594;1,45513517590300;3,17214298022965;1,51318487087955e-03;6,91915985313470e-03;Bacteria;Firmicutes;Bacilli;Lactobacillales;Lactobacillaceae;Lactobacillus
ASV25;41,98153609610239;4,23504622152287;1,52005844400661;2,78610749357769;5,33451785704896e-03;1,66190748623448e-02;Bacteria;Firmicutes;Bacilli;Lactobacillales;Lactobacillaceae;Lactobacillus
ASV26;42,90460342679355;4,44579993053163;1,38190515690669;3,21715271725542;1,29469662858777e-03;5,96823567812413e-03;Bacteria;Firmicutes;Bacilli;Lactobacillales;Lactobacillaceae;Lactobacillus
ASV30;40,89930783081829;4,44217582496039;1,41413831471775;3,14125978960340;1,68222740652309e-03;7,33709953460457e-03;Bacteria;Firmicutes;Bacilli;Lactobacillales;Lactobacillaceae;Lactobacillus
ASV31;39,29020815856405;4,23521341734193;1,49529837835088;2,83235338087695;4,62067515647180e-03;1,50570276650546e-02;Bacteria;Firmicutes;Bacilli;Lactobacillales;Lactobacillaceae;Lactobacillus
ASV33;39,16142872617161;4,51398307180692;1,46114840521661;3,08933921817323;2,00602252145234e-03;8,18284006952141e-03;Bacteria;Firmicutes;Bacilli;Lactobacillales;Lactobacillaceae;Lactobacillus
ASV35;37,85890748832707;4,51054528490244;1,49738263286047;3,01228636282891;2,59287872499157e-03;9,48491765851754e-03;Bacteria;Firmicutes;Bacilli;Lactobacillales;Lactobacillaceae;Lactobacillus
ASV37;38,14736906950652;4,60649450881276;1,47886305649513;3,11488916338882;1,84014040372658e-03;7,61576356870782e-03;Bacteria;Firmicutes;Bacilli;Lactobacillales;Lactobacillaceae;Lactobacillus
ASV45;30,30448498380045;4,23610971616993;1,47503124286815;2,87187795963761;4,08040512653603e-03;1,36093512161525e-02;Bacteria;Firmicutes;Bacilli;Lactobacillales;Lactobacillaceae;Lactobacillus
ASV54;38,31190774199901;-3,32929133444227;1,35373842042503;-2,45933134807312;1,39196080995541e-02;3,43148599671616e-02;Bacteria;Bacteroidota;Bacteroidia;Bacteroidales;Prevotellaceae;Prevotella
ASV55;37,62474285645546;-3,19569233830207;1,33281683068946;-2,39769806676958;1,64984585090080e-02;3,91406944544249e-02;Bacteria;Bacteroidota;Bacteroidia;Bacteroidales;Prevotellaceae;Prevotella
ASV57;33,60781393154504;-3,31736206851071;1,33615924565642;-2,48275950587085;1,30369070614633e-02;3,31270743569354e-02;Bacteria;Bacteroidota;Bacteroidia;Bacteroidales;Prevotellaceae;Prevotella
ASV58;34,36137871331779;-3,34062962764220;1,46615080857634;-2,27850341731626;2,26966011282795e-02;4,98797396888933e-02;Bacteria;Bacteroidota;Bacteroidia;Bacteroidales;Prevotellaceae;Prevotella
ASV59;32,82543579848895;-4,05332691376929;1,48289559307592;-2,73338658007716;6,26867091266803e-03;1,84162508159729e-02;Bacteria;Bacteroidota;Bacteroidia;Bacteroidales;Prevotellaceae;Prevotella
ASV61;32,05575941765966;-3,95697217662614;1,41512613753511;-2,79619750612371;5,17077902505664e-03;1,62879539289284e-02;Bacteria;Bacteroidota;Bacteroidia;Bacteroidales;Prevotellaceae;Prevotella
ASV62;31,64815657145499;-3,84248525217344;1,37852402438909;-2,78739085006246;5,31343505125742e-03;1,66190748623448e-02;Bacteria;Bacteroidota;Bacteroidia;Bacteroidales;Prevotellaceae;Prevotella
ASV63;31,02301491516376;-3,48221969761203;1,38362213393629;-2,51674182726856;1,18445585470887e-02;3,10919661861078e-02;Bacteria;Bacteroidota;Bacteroidia;Bacteroidales;Prevotellaceae;Prevotella
ASV67;26,85066048845181;-4,10612596133605;1,40432877803937;-2,92390644238506;3,45668623501232e-03;1,19508603369023e-02;Bacteria;Bacteroidota;Bacteroidia;Bacteroidales;Prevotellaceae;Prevotella
ASV68;27,06883654801996;-3,80542260841335;1,46511026140190;-2,59736260721573;9,39426942701968e-03;2,57321293000974e-02;Bacteria;Bacteroidota;Bacteroidia;Bacteroidales;Prevotellaceae;Prevotella
ASV69;26,42113455553984;-3,67877944413949;1,39923808323555;-2,62913044478665;8,56035174933286e-03;2,37927423621163e-02;Bacteria;Bacteroidota;Bacteroidia;Bacteroidales;Prevotellaceae;Prevotella
ASV70;26,23355146871675;-3,26942645147422;1,34181793559402;-2,43656487571605;1,48275094278210e-02;3,62379217481659e-02;Bacteria;Bacteroidota;Bacteroidia;Bacteroidales;Prevotellaceae;Prevotella
ASV72;25,05056062189380;-3,51036218391326;1,50489539532029;-2,33262869620659;1,96676414829457e-02;4,47853522924907e-02;Bacteria;Bacteroidota;Bacteroidia;Bacteroidales;Prevotellaceae;Prevotella
ASV77;22,87082553550382;-3,34956090778109;1,37883375560682;-2,42927103732455;1,51292174918615e-02;3,66592577687414e-02;Bacteria;Bacteroidota;Bacteroidia;Bacteroidales;Prevotellaceae;Prevotella
ASV79;22,81569591888231;-3,75652706164717;1,46764225482515;-2,55956589509254;1,04802985012249e-02;2,81626978682204e-02;Bacteria;Bacteroidota;Bacteroidia;Bacteroidales;Prevotellaceae;Prevotella
ASV81;22,71622077221436;-3,27021913698046;1,43217892471278;-2,28338727832927;2,24075659625336e-02;4,94361474737608e-02;Bacteria;Bacteroidota;Bacteroidia;Bacteroidales;Prevotellaceae;Prevotella
ASV83;22,80773658848374;-4,16654243384482;1,50002537513095;-2,77764796710928;5,47539037676546e-03;1,67796370146814e-02;Bacteria;Bacteroidota;Bacteroidia;Bacteroidales;Prevotellaceae;Prevotella
ASV84;22,67420210757260;-3,57661591365378;1,45291875060634;-2,46167647857884;1,38289344869907e-02;3,43148599671616e-02;Bacteria;Bacteroidota;Bacteroidia;Bacteroidales;Prevotellaceae;Prevotella
ASV96;20,46262901840612;-3,39235825251145;1,44007340793261;-2,35568425458364;1,84886253622608e-02;4,26496999130026e-02;Bacteria;Bacteroidota;Bacteroidia;Bacteroidales;Prevotellaceae;Prevotella
ASV100;19,79267318185810;-4,26805186500222;1,41433682190245;-3,01770540009076;2,54696372249578e-03;9,37745734191628e-03;Bacteria;Bacteroidota;Bacteroidia;Bacteroidales;Prevotellaceae;Prevotella
ASV102;20,14365926604725;-3,61037848047773;1,44427212246339;-2,49979101882807;1,24266587351798e-02;3,20268886493043e-02;Bacteria;Bacteroidota;Bacteroidia;Bacteroidales;Prevotellaceae;Prevotella
ASV120;17,75912177197243;-3,32454995997450;1,45506589006271;-2,28481059358159;2,23239362271810e-02;4,94361474737608e-02;Bacteria;Firmicutes;Clostridia;Peptostreptococcales-Tissierellales;Family XI;Finegoldia
ASV121;20,52326057281036;-5,36656968285222;1,74277023838199;-3,07933287168973;2,07464736110907e-03;8,34273087765135e-03;Bacteria;Firmicutes;Bacilli;Lactobacillales;Streptococcaceae;Streptococcus
ASV130;17,78147763153092;-3,39898125617429;1,44307535221315;-2,35537337046294;1,85041026077577e-02;4,26496999130026e-02;Bacteria;Bacteroidota;Bacteroidia;Bacteroidales;Prevotellaceae;Prevotella
ASV137;19,04088228124669;-4,59322270936270;1,60597990536587;-2,86007483282693;4,23541052242286e-03;1,40437296269811e-02;Bacteria;Firmicutes;Bacilli;Lactobacillales;Streptococcaceae;Streptococcus
ASV140;18,96396868887513;-7,26163441867851;1,65599276232978;-4,38506410406182;1,15951627048895e-05;3,28722862683619e-04;Bacteria;Firmicutes;Bacilli;Lactobacillales;Streptococcaceae;Streptococcus
ASV152;18,28876424689104;-7,15764667079009;1,77851922345059;-4,02449778243229;5,70970321179557e-05;8,09350430272022e-04;Bacteria;Firmicutes;Bacilli;Lactobacillales;Streptococcaceae;Streptococcus
ASV155;15,94712035458891;-4,98180555614813;1,46898563824313;-3,39132352723764;6,95559407455497e-04;3,75602080025969e-03;Bacteria;Bacteroidota;Bacteroidia;Bacteroidales;Prevotellaceae;Prevotella
ASV163;16,18943583089339;-5,16832771842112;1,45541572539340;-3,55110064309914;3,83623691158187e-04;2,44398463917632e-03;Bacteria;Bacteroidota;Bacteroidia;Bacteroidales;Prevotellaceae;Prevotella
ASV164;15,43632841896519;-7,12388870171194;1,35121684243811;-5,27220241634773;1,34796290319242e-07;3,34612415868367e-05;Bacteria;Bacteroidota;Bacteroidia;Bacteroidales;Prevotellaceae;Prevotella
ASV168;17,29994460929201;-6,94369284436432;1,72102115408498;-4,03463538369818;5,46871516243800e-05;7,95067050539063e-04;Bacteria;Firmicutes;Bacilli;Lactobacillales;Streptococcaceae;Streptococcus
ASV175;15,62409924562036;-4,84900120416543;1,45669087931240;-3,32877844780240;8,72277626461631e-04;4,37682667436942e-03;Bacteria;Bacteroidota;Bacteroidia;Bacteroidales;Prevotellaceae;Prevotella
ASV178;15,11968292596586;-6,80015516472633;1,76990138005222;-3,84210964597682;1,21981318456671e-04;1,29628085473151e-03;Bacteria;Firmicutes;Bacilli;Lactobacillales;Streptococcaceae;Streptococcus
ASV187;14,06946802072489;-5,34608590824164;1,45160620448984;-3,68287617654574;2,30617193717618e-04;1,79123217586150e-03;Bacteria;Bacteroidota;Bacteroidia;Bacteroidales;Prevotellaceae;Prevotella
ASV192;14,98274102774132;-6,99314956663744;1,65058095136523;-4,23678072914465;2,26747373628567e-05;5,00858765387375e-04;Bacteria;Firmicutes;Bacilli;Lactobacillales;Streptococcaceae;Streptococcus
ASV196;14,87846175042977;-5,66967808180805;1,41337463150535;-4,01144746440612;6,03476070795546e-05;8,34563249124572e-04;Bacteria;Bacteroidota;Bacteroidia;Bacteroidales;Prevotellaceae;Prevotella
ASV197;5,35953782671076;4,55564273218366;1,88262568503891;2,41983457911311;1,55275689144394e-02;3,73056422647761e-02;Bacteria;Firmicutes;Bacilli;Lactobacillales;Lactobacillaceae;Lactobacillus
ASV199;15,68653718761214;-6,75900946583202;1,71147207450239;-3,94923736503104;7,84005787007539e-05;9,87847291629499e-04;Bacteria;Firmicutes;Bacilli;Lactobacillales;Streptococcaceae;Streptococcus
ASV205;10,56395914519302;-4,61596148650457;1,87121087781398;-2,46683125949818;1,36314577885532e-02;3,40486192339632e-02;Bacteria;Firmicutes;Negativicutes;Veillonellales-Selenomonadales;Veillonellaceae;Dialister
ASV209;13,99159127611877;-6,63776476239243;1,83780180359492;-3,61179576024373;3,04084018836920e-04;2,05256712714921e-03;Bacteria;Firmicutes;Bacilli;Lactobacillales;Streptococcaceae;Streptococcus
ASV210;15,66923511879702;-5,94405761204275;2,40924442887931;-2,46718744714819;1,36179049122473e-02;3,40486192339632e-02;Bacteria;Firmicutes;Bacilli;Lactobacillales;Streptococcaceae;Streptococcus
ASV211;14,70615878958551;-6,69777498238429;1,85038640103552;-3,61966288697109;2,94987073366616e-04;2,05256712714921e-03;Bacteria;Firmicutes;Bacilli;Lactobacillales;Streptococcaceae;Streptococcus
ASV220;13,90654773722867;-6,78807359906851;1,64758613478688;-4,12001136435066;3,78853712406587e-05;6,15844195024120e-04;Bacteria;Firmicutes;Bacilli;Lactobacillales;Streptococcaceae;Streptococcus
ASV222;12,86223868414537;-5,80443550902709;1,51794962185882;-3,82386571032522;1,31375488232306e-04;1,33017681835210e-03;Bacteria;Bacteroidota;Bacteroidia;Bacteroidales;Prevotellaceae;Prevotella
ASV223;13,07562376894276;-6,69812584386141;1,43140644952963;-4,67940174928126;2,87713190211827e-06;1,63133378850106e-04;Bacteria;Bacteroidota;Bacteroidia;Bacteroidales;Prevotellaceae;Prevotella
ASV228;13,00343539692116;-5,89495207248210;1,42169319592060;-4,14643053043866;3,37698576143216e-05;6,13634778467988e-04;Bacteria;Bacteroidota;Bacteroidia;Bacteroidales;Prevotellaceae;Prevotella
ASV230;13,64878134989128;-6,77931497792263;1,64403463184568;-4,12358404537488;3,73022262516403e-05;6,15844195024120e-04;Bacteria;Firmicutes;Bacilli;Lactobacillales;Streptococcaceae;Streptococcus
ASV235;12,72467103815577;-6,60711064407558;1,43993348492562;-4,58848322734635;4,46478172597149e-06;2,30139203511439e-04;Bacteria;Bacteroidota;Bacteroidia;Bacteroidales;Prevotellaceae;Prevotella
ASV239;12,54883167708190;-6,76652199758987;1,69903882828296;-3,98255877673383;6,81772564560591e-05;9,20392962156798e-04;Bacteria;Firmicutes;Bacilli;Lactobacillales;Streptococcaceae;Streptococcus
ASV242;12,20153579235145;-6,96954261902525;1,43681195082459;-4,85069922687197;1,23026988220336e-06;8,71953779011634e-05;Bacteria;Bacteroidota;Bacteroidia;Bacteroidales;Prevotellaceae;Prevotella
ASV247;11,25787248395314;-3,29501025456289;1,44116853741824;-2,28634623155573;2,22340112339420e-02;4,94361474737608e-02;Bacteria;Firmicutes;Clostridia;Peptostreptococcales-Tissierellales;Family XI;Finegoldia
ASV256;8,98513861336431;-4,49803889465438;1,76972956476289;-2,54165324703554;1,10329568501615e-02;2,90962164374027e-02;Bacteria;Firmicutes;Negativicutes;Veillonellales-Selenomonadales;Veillonellaceae;Dialister
ASV257;7,60172357820484;6,40169321054618;2,09550933646372;3,05495809498486;2,25091970143848e-03;8,68805592390111e-03;Bacteria;Firmicutes;Bacilli;Lactobacillales;Lactobacillaceae;Lactobacillus
ASV258;9,21093881499037;-4,32736445507487;1,74895965113593;-2,47425059363965;1,33516008016201e-02;3,36460340200826e-02;Bacteria;Firmicutes;Negativicutes;Veillonellales-Selenomonadales;Veillonellaceae;Dialister
ASV261;12,06381157917146;-5,40741038292305;2,07792278541135;-2,60231536074743;9,25966610033453e-03;2,54865566936392e-02;Bacteria;Firmicutes;Bacilli;Lactobacillales;Streptococcaceae;Streptococcus
ASV263;12,75271246274470;-5,11310470312353;1,41009018605946;-3,62608346166302;2,87752384435558e-04;2,03944502468702e-03;Bacteria;Bacteroidota;Bacteroidia;Bacteroidales;Prevotellaceae;Prevotella
ASV265;12,50173272883009;-6,66287556265132;1,83605062258578;-3,62891713370503;2,84612574709239e-04;2,03944502468702e-03;Bacteria;Firmicutes;Bacilli;Lactobacillales;Streptococcaceae;Streptococcus
ASV266;11,95697980414082;-7,24369923140821;1,38716221486691;-5,22195540923324;1,77043606279559e-07;3,34612415868367e-05;Bacteria;Bacteroidota;Bacteroidia;Bacteroidales;Prevotellaceae;Prevotella
ASV270;11,38812484338995;-5,66476707268087;1,49486077278847;-3,78949476486294;1,50953992524602e-04;1,42651522935749e-03;Bacteria;Bacteroidota;Bacteroidia;Bacteroidales;Prevotellaceae;Prevotella
ASV272;12,27678425287649;-6,44782290049076;1,70535109507893;-3,78093573757157;1,56240003581537e-04;1,45226363984806e-03;Bacteria;Firmicutes;Bacilli;Lactobacillales;Streptococcaceae;Streptococcus
ASV274;11,88761936808286;-5,30206105194789;2,07846745288871;-2,55094735526358;1,07430552004494e-02;2,87326051823339e-02;Bacteria;Firmicutes;Bacilli;Lactobacillales;Streptococcaceae;Streptococcus
ASV276;12,40246697887478;-6,60290162777665;1,76129368879120;-3,74889302664129;1,77616820791646e-04;1,59855138712481e-03;Bacteria;Firmicutes;Bacilli;Lactobacillales;Streptococcaceae;Streptococcus
ASV277;10,70246059187363;-4,60693621039162;1,66640613650108;-2,76459388229612;5,69937039807918e-03;1,70981111942375e-02;Bacteria;Firmicutes;Negativicutes;Veillonellales-Selenomonadales;Veillonellaceae;Dialister
ASV301;11,23144242374543;-6,59116900113559;1,45429940929411;-4,53219533681503;5,83738318010131e-06;2,54599712547495e-04;Bacteria;Bacteroidota;Bacteroidia;Bacteroidales;Prevotellaceae;Prevotella
ASV302;6,87834320253889;4,77215692647467;1,96172173683482;2,43263702331932;1,49893188141139e-02;3,64761535090239e-02;Bacteria;Firmicutes;Bacilli;Lactobacillales;Lactobacillaceae;Lactobacillus
ASV303;11,35454394847318;-4,95055899628048;2,07698782373114;-2,38352817465593;1,71475718009965e-02;4,01763355833266e-02;Bacteria;Firmicutes;Bacilli;Lactobacillales;Streptococcaceae;Streptococcus
ASV304;8,55026846015801;-5,59776660705940;1,77027653998125;-3,16208596828532;1,56643312588864e-03;7,04894906649888e-03;Bacteria;Firmicutes;Negativicutes;Veillonellales-Selenomonadales;Veillonellaceae;Dialister
ASV305;11,58140970355999;-6,53764719658587;1,64565925629829;-3,97266151638920;7,10740115157966e-05;9,37185221615271e-04;Bacteria;Firmicutes;Bacilli;Lactobacillales;Streptococcaceae;Streptococcus
ASV307;10,64866993082264;-3,57020628179150;1,43879493332148;-2,48138647079443;1,30872392521226e-02;3,31270743569354e-02;Bacteria;Firmicutes;Clostridia;Peptostreptococcales-Tissierellales;Family XI;Finegoldia
ASV308;11,11694194338464;-3,81903996470482;1,50163684370272;-2,54325137314017;1,09826186421413e-02;2,90962164374027e-02;Bacteria;Bacteroidota;Bacteroidia;Bacteroidales;Prevotellaceae;Prevotella
ASV309;11,16670347519444;-6,43411209302635;1,82088535553011;-3,53350751791465;4,10084426792258e-04;2,52736815207837e-03;Bacteria;Firmicutes;Bacilli;Lactobacillales;Streptococcaceae;Streptococcus
ASV310;11,47192695996730;-6,62121244226540;1,33416717389705;-4,96280569017831;6,94820862307326e-07;7,92214825074531e-05;Bacteria;Bacteroidota;Bacteroidia;Bacteroidales;Prevotellaceae;Prevotella
ASV315;11,04933699901725;-6,47434611055697;1,90071490398521;-3,40626892385716;6,58572737722824e-04;3,59048790662347e-03;Bacteria;Firmicutes;Bacilli;Lactobacillales;Streptococcaceae;Streptococcus
ASV320;8,32231675987084;-4,19833718832702;1,73180958207455;-2,42424873483943;1,53400946517491e-02;3,70120581597521e-02;Bacteria;Firmicutes;Negativicutes;Veillonellales-Selenomonadales;Veillonellaceae;Dialister
ASV322;7,59887126342546;-24,68333728029409;2,75612791977339;-8,95580248768845;3,37273324399517e-19;1,91233974934526e-16;Bacteria;Firmicutes;Bacilli;Lactobacillales;Streptococcaceae;Streptococcus
ASV326;11,26014197079302;-7,62116000611834;1,70927446003537;-4,45871051391047;8,24541912879443e-06;2,96508811436989e-04;Bacteria;Firmicutes;Clostridia;Peptostreptococcales-Tissierellales;Family XI;Fenollaria
ASV328;11,40311590702377;-6,60889689126347;1,69653448032593;-3,89552759929394;9,79852032313394e-05;1,20777413548194e-03;Bacteria;Firmicutes;Bacilli;Lactobacillales;Streptococcaceae;Streptococcus
ASV330;11,76831208391254;-6,55012964959972;1,75876094697512;-3,72428649889300;1,95868391514535e-04;1,68268754528396e-03;Bacteria;Firmicutes;Bacilli;Lactobacillales;Streptococcaceae;Streptococcus
ASV333;10,82321849551917;-6,45630972270741;1,42047214523384;-4,54518572882299;5,48868346293108e-06;2,54599712547495e-04;Bacteria;Bacteroidota;Bacteroidia;Bacteroidales;Prevotellaceae;Prevotella
ASV335;11,26125615009890;-6,41455112449921;1,68918252467272;-3,79742924805716;1,46204488124196e-04;1,42651522935749e-03;Bacteria;Firmicutes;Bacilli;Lactobacillales;Streptococcaceae;Streptococcus
ASV336;6,98731485548256;4,96171471802080;1,95066786229680;2,54359792044693;1,09717299640246e-02;2,90962164374027e-02;Bacteria;Firmicutes;Bacilli;Lactobacillales;Lactobacillaceae;Lactobacillus
ASV350;9,53032552794450;-6,68846561169215;1,51828207912530;-4,40528522575031;1,05644778388903e-05;3,15266259718464e-04;Bacteria;Bacteroidota;Bacteroidia;Bacteroidales;Prevotellaceae;Prevotella
ASV351;9,89220305855034;-6,87900311193378;1,42607836194825;-4,82372027757015;1,40904991760389e-06;8,87701448090451e-05;Bacteria;Bacteroidota;Bacteroidia;Bacteroidales;Prevotellaceae;Prevotella
ASV352;10,59495155676846;-4,41036469135220;1,86287567516444;-2,36750350554816;1,79085503769086e-02;4,16153609168328e-02;Bacteria;Firmicutes;Bacilli;Lactobacillales;Streptococcaceae;Streptococcus
ASV353;10,60738700654971;-6,46428769382236;1,82592601372599;-3,54027909413006;3,99704096776473e-04;2,49046398760726e-03;Bacteria;Firmicutes;Bacilli;Lactobacillales;Streptococcaceae;Streptococcus
ASV363;9,41345900213374;-6,31045576806672;1,39857023692427;-4,51207640593341;6,41960528167688e-06;2,59994013907913e-04;Bacteria;Bacteroidota;Bacteroidia;Bacteroidales;Prevotellaceae;Prevotella
ASV369;8,70459626247572;-6,67269950012225;1,65240317115166;-4,03817882742966;5,38677821549747e-05;7,95067050539063e-04;Bacteria;Firmicutes;Clostridia;Peptostreptococcales-Tissierellales;Family XI;Anaerococcus
ASV371;7,13765976923129;-5,34057031386307;1,75676329664942;-3,04000563083761;2,36573725575398e-03;9,00250351686247e-03;Bacteria;Firmicutes;Negativicutes;Veillonellales-Selenomonadales;Veillonellaceae;Dialister
ASV375;6,02609159152671;6,08618823987470;2,01422934840491;3,02159644565521;2,51445523841705e-03;9,31827529531025e-03;Bacteria;Firmicutes;Bacilli;Lactobacillales;Lactobacillaceae;Lactobacillus
ASV377;7,47196310791877;-5,06826191785507;1,86539001885396;-2,71699851860946;6,58769025524871e-03;1,91549762806462e-02;Bacteria;Firmicutes;Negativicutes;Veillonellales-Selenomonadales;Veillonellaceae;Dialister
ASV378;10,02839501482129;-5,96667882058491;1,43852088813971;-4,14778740425589;3,35703908865389e-05;6,13634778467988e-04;Bacteria;Bacteroidota;Bacteroidia;Bacteroidales;Prevotellaceae;Prevotella
ASV384;10,73306252382882;-7,24086101319304;1,74872467974915;-4,14065238344536;3,46319451692692e-05;6,13634778467988e-04;Bacteria;Firmicutes;Clostridia;Peptostreptococcales-Tissierellales;Family XI;Fenollaria
ASV386;9,92641549017696;-5,57289284963428;2,14705321844336;-2,59560070601077;9,44257271481079e-03;2,57400900447006e-02;Bacteria;Firmicutes;Bacilli;Lactobacillales;Streptococcaceae;Streptococcus
ASV402;8,96633442507527;-4,98394471827342;2,06672921953973;-2,41151316348223;1,58864783686070e-02;3,80068912869206e-02;Bacteria;Firmicutes;Bacilli;Lactobacillales;Streptococcaceae;Streptococcus
ASV407;6,93049302281130;-5,16714237881502;2,25852070624247;-2,28784370430310;2,21466246754739e-02;4,94361474737608e-02;Bacteria;Firmicutes;Bacilli;Lactobacillales;Streptococcaceae;Streptococcus
ASV408;8,58616055222345;-7,15628754392317;1,46165837738228;-4,89600556098447;9,78042993919174e-07;7,92214825074531e-05;Bacteria;Bacteroidota;Bacteroidia;Bacteroidales;Prevotellaceae;Prevotella
ASV412;9,64583188409957;-6,04893171319962;1,87874079083010;-3,21967338055559;1,28336727286882e-03;5,96450199767721e-03;Bacteria;Firmicutes;Bacilli;Lactobacillales;Streptococcaceae;Streptococcus
ASV419;3,92609092267217;-5,87582269624441;2,16782517398571;-2,71046889147489;6,71881508428688e-03;1,94365722081156e-02;Bacteria;Actinobacteriota;Actinobacteria;Bifidobacteriales;Bifidobacteriaceae;Alloscardovia
ASV422;8,56531643201038;-6,24954358975663;1,46654406901874;-4,26140865575091;2,03142383003275e-05;5,00790135490683e-04;Bacteria;Bacteroidota;Bacteroidia;Bacteroidales;Prevotellaceae;Prevotella
ASV426;8,56085830122998;-5,61106608616286;2,02199095779102;-2,77502036522103;5,51982512386225e-03;1,67796370146814e-02;Bacteria;Actinobacteriota;Actinobacteria;Bifidobacteriales;Bifidobacteriaceae;Alloscardovia
ASV431;9,01830371452653;-7,52248083890331;1,84456342145187;-4,07819040073034;4,53875905336745e-05;6,95534157637661e-04;Bacteria;Firmicutes;Clostridia;Peptostreptococcales-Tissierellales;Family XI;Fenollaria
ASV437;8,22798515605164;-7,32486051131210;1,77821376287221;-4,11922383250529;3,80150737669210e-05;6,15844195024120e-04;Bacteria;Firmicutes;Clostridia;Peptostreptococcales-Tissierellales;Family XI;Fenollaria
ASV438;6,43760000572733;-4,10669004802638;1,71439693269216;-2,39541378645465;1,66016179556616e-02;3,92213224202505e-02;Bacteria;Firmicutes;Negativicutes;Veillonellales-Selenomonadales;Veillonellaceae;Dialister
ASV439;8,74430833229976;-5,35904971198203;1,93175663858058;-2,77418470057375;5,53402490607657e-03;1,67796370146814e-02;Bacteria;Actinobacteriota;Actinobacteria;Bifidobacteriales;Bifidobacteriaceae;Alloscardovia
ASV442;8,57015833780745;-7,38431662248967;1,86912154053628;-3,95068831124325;7,79267560113972e-05;9,87847291629499e-04;Bacteria;Firmicutes;Clostridia;Peptostreptococcales-Tissierellales;Family XI;Fenollaria
ASV443;9,09652917355765;-6,88194353045457;1,54457113894992;-4,45556915891442;8,36709168076160e-06;2,96508811436989e-04;Bacteria;Firmicutes;Clostridia;Peptostreptococcales-Tissierellales;Family XI;Peptoniphilus
ASV447;8,39455808191464;-6,06557746382146;1,73483882458679;-3,49633486284593;4,71696353475466e-04;2,78595658771447e-03;Bacteria;Firmicutes;Bacilli;Lactobacillales;Streptococcaceae;Streptococcus
ASV451;8,07150669370124;-7,27826554122466;1,95688526071269;-3,71931133998830;1,99766692811008e-04;1,69056290781853e-03;Bacteria;Firmicutes;Clostridia;Peptostreptococcales-Tissierellales;Family XI;Fenollaria
ASV459;5,43030324826353;-5,13251710345411;2,04643987679325;-2,50802242550937;1,21408961661921e-02;3,14332791152096e-02;Bacteria;Firmicutes;Bacilli;Lactobacillales;Streptococcaceae;Streptococcus
ASV460;7,95581072941425;-7,22292941390579;1,96480445318808;-3,67615688278084;2,36773947299948e-04;1,79672501408625e-03;Bacteria;Firmicutes;Clostridia;Peptostreptococcales-Tissierellales;Family XI;Fenollaria
ASV462;7,78651428054987;-5,00236035738459;2,13107255032145;-2,34734399663214;1,89077891975230e-02;4,34037104250832e-02;Bacteria;Firmicutes;Bacilli;Lactobacillales;Streptococcaceae;Streptococcus
ASV463;7,95187389399674;-5,17694531285177;2,22282778241999;-2,32899073594250;1,98595564822463e-02;4,48620259977436e-02;Bacteria;Firmicutes;Bacilli;Lactobacillales;Streptococcaceae;Streptococcus
ASV465;7,14111967624960;-7,00779861480035;1,42734058801375;-4,90968916154219;9,12208700151467e-07;7,92214825074531e-05;Bacteria;Bacteroidota;Bacteroidia;Bacteroidales;Prevotellaceae;Prevotella
ASV483;4,74080470525180;4,96809739072661;1,99839496479871;2,48604378926016;1,29172070199304e-02;3,29912449563088e-02;Bacteria;Firmicutes;Bacilli;Lactobacillales;Lactobacillaceae;Lactobacillus
ASV486;6,54369711057582;-5,41343023090834;1,91778825074632;-2,82274658258108;4,76141912013324e-03;1,54269979492317e-02;Bacteria;Actinobacteriota;Actinobacteria;Bifidobacteriales;Bifidobacteriaceae;Alloscardovia
ASV488;5,25423368254693;-5,57230932765266;1,82114153576936;-3,05978926854721;2,21492777883633e-03;8,66113138344963e-03;Bacteria;Firmicutes;Negativicutes;Veillonellales-Selenomonadales;Veillonellaceae;Dialister
ASV489;5,61514689159564;-5,45785792595813;1,74297821632804;-3,13134029721627;1,74010399286774e-03;7,47453760572734e-03;Bacteria;Firmicutes;Negativicutes;Veillonellales-Selenomonadales;Veillonellaceae;Dialister
ASV492;7,36365519354036;-7,14297069599061;1,94729116823492;-3,66815749617208;2,44304683954062e-04;1,82264152370991e-03;Bacteria;Firmicutes;Clostridia;Peptostreptococcales-Tissierellales;Family XI;Fenollaria
ASV497;8,60242837997532;-6,71611509373297;1,54794569629886;-4,33872784412993;1,43309860087934e-05;3,69348593953904e-04;Bacteria;Firmicutes;Clostridia;Peptostreptococcales-Tissierellales;Family XI;Peptoniphilus
ASV501;6,85600900827435;-5,43808064534173;1,41814141179834;-3,83465330050952;1,25741529118577e-04;1,29628085473151e-03;Bacteria;Firmicutes;Clostridia;Peptostreptococcales-Tissierellales;Family XI;Peptoniphilus
ASV503;2,83448805861839;-5,69637770615084;2,39724438788970;-2,37621901835606;1,74910772552581e-02;4,08125135956021e-02;Bacteria;Actinobacteriota;Actinobacteria;Bifidobacteriales;Bifidobacteriaceae;Alloscardovia
ASV509;3,16506835951574;-5,44855537126514;2,18553794443830;-2,49300424416353;1,26667332170453e-02;3,24979082989352e-02;Bacteria;Actinobacteriota;Actinobacteria;Bifidobacteriales;Bifidobacteriaceae;Alloscardovia
ASV512;6,39925390612505;-6,99305825933865;1,81539129514789;-3,85209418929651;1,17111956587833e-04;1,29628085473151e-03;Bacteria;Firmicutes;Clostridia;Peptostreptococcales-Tissierellales;Family XI;Fenollaria
ASV516;7,30550825458120;-7,15366280061691;1,93891003424217;-3,68952796895135;2,24670528314516e-04;1,79123217586150e-03;Bacteria;Firmicutes;Clostridia;Peptostreptococcales-Tissierellales;Family XI;Fenollaria
ASV518;6,26074262682940;-7,00395395624024;1,88058658353296;-3,72434538115352;1,95822685075625e-04;1,68268754528396e-03;Bacteria;Firmicutes;Clostridia;Peptostreptococcales-Tissierellales;Family XI;Fenollaria
ASV525;7,79513155881468;-4,89267095827835;1,62954082024567;-3,00248444070321;2,67785661913898e-03;9,73297886571668e-03;Bacteria;Firmicutes;Clostridia;Peptostreptococcales-Tissierellales;Family XI;Peptoniphilus
ASV533;7,27964442005396;-6,01579538224647;1,69856464632764;-3,54169350884161;3,97567127266370e-04;2,49046398760726e-03;Bacteria;Firmicutes;Negativicutes;Veillonellales-Selenomonadales;Veillonellaceae;Dialister
ASV545;6,81077427785619;-6,39365136296173;1,51124115559466;-4,23072872207869;2,32935456180835e-05;5,00858765387375e-04;Bacteria;Firmicutes;Clostridia;Peptostreptococcales-Tissierellales;Family XI;Peptoniphilus
ASV546;6,80886217556147;-6,35809205021900;1,77027767128484;-3,59157896715966;3,28680551041293e-04;2,19249261694604e-03;Bacteria;Campylobacterota;Campylobacteria;Campylobacterales;Campylobacteraceae;Campylobacter
ASV551;5,89139120957282;-6,11437939144253;1,44704933104163;-4,22541185036257;2,38504173993988e-05;5,00858765387375e-04;Bacteria;Firmicutes;Clostridia;Peptostreptococcales-Tissierellales;Family XI;Peptoniphilus
ASV553;6,83247343741125;-6,63174434832890;1,34545746284717;-4,92898849012680;8,26564433369137e-07;7,92214825074531e-05;Bacteria;Firmicutes;Clostridia;Peptostreptococcales-Tissierellales;Family XI;Peptoniphilus
ASV558;5,99742898329854;-6,17700486563853;1,70754751482027;-3,61747173184150;2,97494809784175e-04;2,05256712714921e-03;Bacteria;Firmicutes;Negativicutes;Veillonellales-Selenomonadales;Veillonellaceae;Dialister
ASV560;7,03924767915383;-6,09927863202081;1,77939548762051;-3,42772513162717;6,08661391099958e-04;3,41694068072946e-03;Bacteria;Firmicutes;Clostridia;Peptostreptococcales-Tissierellales;Family XI;Peptoniphilus
ASV564;5,82202717832326;-6,42592231068231;1,73904612449161;-3,69508446048886;2,19813705525268e-04;1,79123217586150e-03;Bacteria;Campylobacterota;Campylobacteria;Campylobacterales;Campylobacteraceae;Campylobacter
ASV565;5,85916730091799;-6,54791718379362;1,60179293209602;-4,08786744690238;4,35356774889006e-05;6,85686920450184e-04;Bacteria;Campylobacterota;Campylobacteria;Campylobacterales;Campylobacteraceae;Campylobacter
ASV566;6,79565344135093;-6,70509941185523;1,51824417177136;-4,41635116177149;1,00380962725726e-05;3,15266259718464e-04;Bacteria;Firmicutes;Clostridia;Peptostreptococcales-Tissierellales;Family XI;Peptoniphilus
ASV567;6,15341798178219;-5,33456296261544;1,79194257368097;-2,97697205310397;2,91110545037685e-03;1,04361960057279e-02;Bacteria;Bacteroidota;Bacteroidia;Bacteroidales;Prevotellaceae;Prevotella
ASV568;5,53104867648988;-6,80077787282498;1,79455645871477;-3,78967061180988;1,50847176339093e-04;1,42651522935749e-03;Bacteria;Firmicutes;Clostridia;Peptostreptococcales-Tissierellales;Family XI;Anaerococcus
ASV573;6,80260617825943;-6,26042942074294;1,92935546092041;-3,24482945084488;1,17520986589621e-03;5,55286661635960e-03;Bacteria;Campylobacterota;Campylobacteria;Campylobacterales;Campylobacteraceae;Campylobacter
ASV581;5,65914393127394;-6,74896986722335;1,83065148935346;-3,68664921011640;2,27226235056819e-04;1,79123217586150e-03;Bacteria;Firmicutes;Clostridia;Peptostreptococcales-Tissierellales;Family XI;Fenollaria
ASV583;5,17441090107938;-5,37204017239535;2,08170034650972;-2,58060204553569;9,86282023297558e-03;2,66296146290341e-02;Bacteria;Actinobacteriota;Actinobacteria;Bifidobacteriales;Bifidobacteriaceae;Alloscardovia
ASV585;6,78075816280488;-6,37286506919946;2,02144577312068;-3,15262727001632;1,61808268811654e-03;7,22403845796912e-03;Bacteria;Bacteroidota;Bacteroidia;Bacteroidales;Prevotellaceae;Prevotella
ASV588;6,33706094614845;-6,71840065639946;1,81658190324570;-3,69837475777758;2,16984367813432e-04;1,79123217586150e-03;Bacteria;Firmicutes;Clostridia;Peptostreptococcales-Tissierellales;Family XI;Fenollaria
ASV593;5,71320531208529;-6,73784589287840;2,02215544490229;-3,33201184402714;8,62205866582423e-04;4,36491719957352e-03;Bacteria;Firmicutes;Clostridia;Peptostreptococcales-Tissierellales;Family XI;Fenollaria
ASV597;5,45417640476964;-6,00334666869552;1,98378282427384;-3,02621163730110;2,47638903945922e-03;9,24269627347178e-03;Bacteria;Firmicutes;Clostridia;Peptostreptococcales-Tissierellales;Family XI;Anaerococcus
ASV603;5,77339726616581;-6,33441480614791;1,49709987641655;-4,23112372523196;2,32526718116239e-05;5,00858765387375e-04;Bacteria;Firmicutes;Clostridia;Peptostreptococcales-Tissierellales;Family XI;Peptoniphilus
ASV606;5,26507866821249;-6,14208029059576;1,83321088954795;-3,35044938125494;8,06805537564947e-04;4,19686917247087e-03;Bacteria;Bacteroidota;Bacteroidia;Bacteroidales;Prevotellaceae;Prevotella
ASV614;6,12285750490903;-6,31436947875546;2,00467471906130;-3,14982247180340;1,63369702242149e-03;7,23257093251799e-03;Bacteria;Bacteroidota;Bacteroidia;Bacteroidales;Prevotellaceae;Prevotella
ASV616;5,87443091409075;-6,63582456277360;1,96188614335314;-3,38236986139881;7,18633182096986e-04;3,84400956838671e-03;Bacteria;Firmicutes;Clostridia;Peptostreptococcales-Tissierellales;Family XI;Anaerococcus
ASV618;5,80649724498080;-6,88684999151206;1,79200013025484;-3,84310797484857;1,21485987560724e-04;1,29628085473151e-03;Bacteria;Firmicutes;Clostridia;Peptostreptococcales-Tissierellales;Family XI;Fenollaria
ASV621;6,34997912092275;-6,54276737951159;1,49906427085647;-4,36456762175613;1,27374444255608e-05;3,43910999490141e-04;Bacteria;Firmicutes;Clostridia;Peptostreptococcales-Tissierellales;Family XI;Peptoniphilus
ASV628;6,58287546519880;-6,31510131295876;2,02650937445688;-3,11624579316405;1,83169529220434e-03;7,61576356870782e-03;Bacteria;Bacteroidota;Bacteroidia;Bacteroidales;Prevotellaceae;Prevotella
ASV633;6,38742055742871;-6,33212726085701;2,01923982253040;-3,13589658355783;1,71329607777693e-03;7,41556393969101e-03;Bacteria;Bacteroidota;Bacteroidia;Bacteroidales;Prevotellaceae;Prevotella
ASV636;6,76649749065404;-6,32309835096783;2,64463800265528;-2,39091261058009;1,68065526855692e-02;3,95407276876255e-02;Bacteria;Actinobacteriota;Actinobacteria;Actinomycetales;Actinomycetaceae;Actinomyces
ASV637;5,79398039230499;-6,71744142763531;1,94715818022509;-3,44986940242254;5,60857808779441e-04;3,21218563210043e-03;Bacteria;Firmicutes;Clostridia;Peptostreptococcales-Tissierellales;Family XI;Fenollaria
ASV648;5,46557530715684;-6,00734917385352;1,64645719070070;-3,64865191016409;2,63620005344440e-04;1,91631465423458e-03;Bacteria;Firmicutes;Negativicutes;Veillonellales-Selenomonadales;Veillonellaceae;Dialister
ASV655;6,18446184770503;-6,58523863890758;1,89994695328083;-3,46601184182336;5,28240013430829e-04;3,05624579199266e-03;Bacteria;Firmicutes;Clostridia;Peptostreptococcales-Tissierellales;Family XI;Anaerococcus
ASV657;5,12963792118110;-6,68917847486618;1,87998701733121;-3,55809822791329;3,73549627620033e-04;2,44398463917632e-03;Bacteria;Firmicutes;Clostridia;Peptostreptococcales-Tissierellales;Family XI;Fenollaria
ASV667;5,64640516790745;-5,43812374588814;1,53032017221029;-3,55358561210997;3,80017485134471e-04;2,44398463917632e-03;Bacteria;Firmicutes;Clostridia;Peptostreptococcales-Tissierellales;Family XI;Peptoniphilus
ASV669;5,39986276762863;-6,57715243743286;1,94836991406919;-3,37572059080732;7,36226461223390e-04;3,90131218237067e-03;Bacteria;Firmicutes;Clostridia;Peptostreptococcales-Tissierellales;Family XI;Anaerococcus
ASV672;5,42437526250263;-6,72100361810033;1,90750050706508;-3,52346098635717;4,25949800453573e-04;2,59691975115243e-03;Bacteria;Firmicutes;Clostridia;Peptostreptococcales-Tissierellales;Family XI;Fenollaria
ASV673;6,36434486348005;-5,93858078358344;2,19745129893023;-2,70248573266423;6,88231380659870e-03;1,98084869458958e-02;Bacteria;Actinobacteriota;Actinobacteria;Actinomycetales;Actinomycetaceae;Actinomyces
ASV676;5,70931862451124;-5,48012005569276;1,60127841021904;-3,42234056284012;6,20844970791699e-04;3,44878395255454e-03;Bacteria;Firmicutes;Clostridia;Peptostreptococcales-Tissierellales;Family XI;Peptoniphilus
ASV680;4,74572005293945;-6,41542311905576;1,93728043167469;-3,31156141060585;9,27768744454774e-04;4,61442875531453e-03;Bacteria;Firmicutes;Clostridia;Peptostreptococcales-Tissierellales;Family XI;Anaerococcus
ASV683;5,53437453488118;-6,19727221427547;1,49444750710404;-4,14686510219729;3,37058513421815e-05;6,13634778467988e-04;Bacteria;Firmicutes;Clostridia;Peptostreptococcales-Tissierellales;Family XI;Peptoniphilus
ASV687;5,34723460273338;-6,31470815404912;2,28135277529483;-2,76796654267249;5,64072460552425e-03;1,70121853794269e-02;Bacteria;Firmicutes;Clostridia;Lachnospirales;Lachnospiraceae;Howardella
ASV689;3,79231010758525;-5,60706875952257;2,28250012395687;-2,45654696824390;1,40279463485917e-02;3,44322319465434e-02;Bacteria;Firmicutes;Clostridia;Peptostreptococcales-Tissierellales;Family XI;Anaerococcus
ASV690;5,84142633312998;-6,27428585741072;1,92895130116354;-3,25269272149384;1,14317045047742e-03;5,49303089339572e-03;Bacteria;Bacteroidota;Bacteroidia;Bacteroidales;Prevotellaceae;Prevotella
ASV693;4,95933100498477;-6,65258314450229;1,87312418296891;-3,55159748883168;3,82900116643878e-04;2,44398463917632e-03;Bacteria;Firmicutes;Clostridia;Peptostreptococcales-Tissierellales;Family XI;Fenollaria
ASV695;5,36282928783946;-5,82822555372634;1,51307101087267;-3,85191806058387;1,17196241544617e-04;1,29628085473151e-03;Bacteria;Firmicutes;Clostridia;Peptostreptococcales-Tissierellales;Family XI;Peptoniphilus
ASV702;5,54968949565284;-5,60853880213712;1,74117231090089;-3,22112795328984;1,27687127205091e-03;5,96450199767721e-03;Bacteria;Firmicutes;Negativicutes;Veillonellales-Selenomonadales;Veillonellaceae;Dialister
ASV707;5,03618870912574;-6,17573562171186;1,97600043333034;-3,12537159281049;1,77580580316504e-03;7,51404395816848e-03;Bacteria;Campylobacterota;Campylobacteria;Campylobacterales;Campylobacteraceae;Campylobacter
ASV708;4,88389429050067;-6,66518747062786;1,76587571666374;-3,77443746903115;1,60369126445101e-04;1,46660152732859e-03;Bacteria;Firmicutes;Clostridia;Peptostreptococcales-Tissierellales;Family XI;Fenollaria
ASV709;4,93729468382001;-6,67976480683143;1,84801502663584;-3,61456195461321;3,00855867784787e-04;2,05256712714921e-03;Bacteria;Firmicutes;Clostridia;Peptostreptococcales-Tissierellales;Family XI;Fenollaria
ASV713;3,96222966015882;-5,83758135564928;2,16204093385260;-2,70003276267630;6,93326480085408e-03;1,98543492024458e-02;Bacteria;Firmicutes;Clostridia;Peptostreptococcales-Tissierellales;Family XI;Anaerococcus
ASV714;6,74804770458041;-7,08616750768335;1,70518447025978;-4,15566035890755;3,24349356165015e-05;6,13634778467988e-04;Bacteria;Bacteroidota;Bacteroidia;Bacteroidales;Prevotellaceae;Prevotella
ASV716;5,61959482985533;-6,22832848583115;1,91717048551271;-3,24870872616501;1,15930120748535e-03;5,52372928272432e-03;Bacteria;Bacteroidota;Bacteroidia;Bacteroidales;Prevotellaceae;Prevotella
ASV724;5,42288681797469;-6,51197033171887;2,05552414637246;-3,16803397479472;1,53473584088853e-03;6,96156177427037e-03;Bacteria;Firmicutes;Clostridia;Peptostreptococcales-Tissierellales;Family XI;Anaerococcus
ASV728;6,05445816827543;-6,88953795108239;1,77322522375831;-3,88531465646545;1,02197436195006e-04;1,21246986025326e-03;Bacteria;Campylobacterota;Campylobacteria;Campylobacterales;Campylobacteraceae;Campylobacter
ASV731;4,59091736438578;-6,61154469774252;1,88188096713530;-3,51326402317940;4,42637398547798e-04;2,66995111677236e-03;Bacteria;Firmicutes;Clostridia;Peptostreptococcales-Tissierellales;Family XI;Fenollaria
ASV734;4,81541106895322;-6,59670622496832;1,87984225941181;-3,50918072617029;4,49489362139676e-04;2,68274177192838e-03;Bacteria;Firmicutes;Clostridia;Peptostreptococcales-Tissierellales;Family XI;Fenollaria
ASV735;5,70995459065976;-5,50640106762645;1,81596082243689;-3,03222459405113;2,42758507020782e-03;9,17627156538555e-03;Bacteria;Firmicutes;Negativicutes;Veillonellales-Selenomonadales;Veillonellaceae;Dialister
ASV736;4,35669689213268;-5,02214875925250;1,89321373386554;-2,65271092714838;7,98482215360108e-03;2,24128423816426e-02;Bacteria;Bacteroidota;Bacteroidia;Bacteroidales;Prevotellaceae;Prevotella
ASV752;3,05550632442107;-5,04625173550843;2,18881975460503;-2,30546701019656;2,11404323088222e-02;4,73779648976372e-02;Bacteria;Firmicutes;Clostridia;Peptostreptococcales-Tissierellales;Family XI;Anaerococcus
ASV753;5,08995731380599;-6,03323878112346;1,61263367544609;-3,74123328378004;1,83119445316491e-04;1,62232383585079e-03;Bacteria;Firmicutes;Clostridia;Peptostreptococcales-Tissierellales;Family XI;Peptoniphilus
ASV757;4,97123087998212;-6,29962807970573;1,88954834516819;-3,33393326284277;8,56271998208381e-04;4,36491719957352e-03;Bacteria;Bacteroidota;Bacteroidia;Bacteroidales;Prevotellaceae;Prevotella
ASV758;5,63933784771951;-6,92210984939111;1,56534648724769;-4,42209434510699;9,77487541473095e-06;3,15266259718464e-04;Bacteria;Bacteroidota;Bacteroidia;Bacteroidales;Prevotellaceae;Prevotella
ASV767;3,89407718618783;-6,00703327881402;2,16031678995048;-2,78062611315062;5,42541821726759e-03;1,67796370146814e-02;Bacteria;Firmicutes;Clostridia;Peptostreptococcales-Tissierellales;Family XI;Anaerococcus
ASV769;4,65883797997833;-6,14417444941369;1,60124253627518;-3,83712917326459;1,24481002480126e-04;1,29628085473151e-03;Bacteria;Firmicutes;Negativicutes;Veillonellales-Selenomonadales;Veillonellaceae;Dialister
ASV774;3,58502168236664;-6,09163526869722;2,22286489455612;-2,74044332771455;6,13563622121654e-03;1,81193007157801e-02;Bacteria;Firmicutes;Clostridia;Peptostreptococcales-Tissierellales;Family XI;Anaerococcus
ASV778;4,95099247525385;-5,83296394113754;1,50169330462156;-3,88425780629521;1,02642951132551e-04;1,21246986025326e-03;Bacteria;Firmicutes;Clostridia;Peptostreptococcales-Tissierellales;Family XI;Peptoniphilus
ASV783;3,52949881832711;-6,05558507592062;2,22801702372190;-2,71792585579295;6,56925572145152e-03;1,91549762806462e-02;Bacteria;Firmicutes;Clostridia;Peptostreptococcales-Tissierellales;Family XI;Anaerococcus
ASV784;5,20938232954326;-5,86164361974671;2,09343250637321;-2,80001557341908;5,11001412494170e-03;1,61864693231393e-02;Bacteria;Bacteroidota;Bacteroidia;Bacteroidales;Prevotellaceae;Prevotella
ASV790;4,33692840778770;-6,11811948607650;2,05274150155829;-2,98046270386801;2,87813283113859e-03;1,03942758933476e-02;Bacteria;Firmicutes;Clostridia;Peptostreptococcales-Tissierellales;Family XI;Anaerococcus
ASV791;4,98017996579070;-6,29986295659907;2,06635618178711;-3,04877881757567;2,29773583870342e-03;8,80281230097863e-03;Bacteria;Campylobacterota;Campylobacteria;Campylobacterales;Campylobacteraceae;Campylobacter
ASV795;4,67576851659029;-6,10959178636302;1,66238293966564;-3,67520120700461;2,37662038900298e-04;1,79672501408625e-03;Bacteria;Firmicutes;Negativicutes;Veillonellales-Selenomonadales;Veillonellaceae;Dialister
ASV804;4,80194519022321;-6,10117021277345;2,28523517356781;-2,66982159356844;7,58915588326354e-03;2,16233737980423e-02;Bacteria;Firmicutes;Clostridia;Peptostreptococcales-Tissierellales;Family XI;Ezakiella
ASV805;4,36525696713610;-6,15293023610283;1,79368870763627;-3,43032222364337;6,02864871765406e-04;3,41694068072946e-03;Bacteria;Campylobacterota;Campylobacteria;Campylobacterales;Campylobacteraceae;Campylobacter
ASV806;3,56425347196239;-5,77473637206438;2,40107341951512;-2,40506447038615;1,61696129167551e-02;3,85217248899166e-02;Bacteria;Firmicutes;Clostridia;Peptostreptococcales-Tissierellales;Family XI;Anaerococcus
ASV809;3,92977704990634;-6,07512113766941;2,04352884564364;-2,97285802968735;2,95040885684688e-03;1,04555113864511e-02;Bacteria;Firmicutes;Clostridia;Peptostreptococcales-Tissierellales;Family XI;Anaerococcus
ASV810;4,56804080401460;-5,63763130227300;1,68406260790631;-3,34763759720426;8,15035161512273e-04;4,20113578706781e-03;Bacteria;Firmicutes;Clostridia;Peptostreptococcales-Tissierellales;Family XI;Peptoniphilus
ASV820;4,11725219447538;-6,30923367564567;1,91885701096290;-3,28801658466446;1,00895895626882e-03;4,93172179486569e-03;Bacteria;Firmicutes;Clostridia;Peptostreptococcales-Tissierellales;Family XI;Fenollaria
ASV823;4,05110630284307;-5,94352080214887;2,27582445105426;-2,61159018631493;9,01222140071702e-03;2,49264855327149e-02;Bacteria;Firmicutes;Clostridia;Peptostreptococcales-Tissierellales;Family XI;Parvimonas
ASV824;4,62024960683465;-6,17537053194671;1,97477157032324;-3,12713157549452;1,76520908288869e-03;7,51404395816848e-03;Bacteria;Bacteroidota;Bacteroidia;Bacteroidales;Prevotellaceae;Prevotella
ASV825;4,47343550625100;-6,12802819771078;1,66242586579870;-3,68619637349459;2,27630729879097e-04;1,79123217586150e-03;Bacteria;Firmicutes;Negativicutes;Veillonellales-Selenomonadales;Veillonellaceae;Dialister
ASV830;4,48467522926026;-5,71909534789804;1,74223598154452;-3,28261808875510;1,02847898780489e-03;4,98416740243910e-03;Bacteria;Firmicutes;Clostridia;Peptostreptococcales-Tissierellales;Family XI;Peptoniphilus
ASV839;3,40022184592844;-6,09713628465268;2,19754163871092;-2,77452594173791;5,52822248992062e-03;1,67796370146814e-02;Bacteria;Firmicutes;Clostridia;Peptostreptococcales-Tissierellales;Family XI;Anaerococcus
ASV841;4,59245718358483;-5,77660138862152;1,68912636499275;-3,41987521380399;6,26498672157175e-04;3,44878395255454e-03;Bacteria;Firmicutes;Negativicutes;Veillonellales-Selenomonadales;Veillonellaceae;Dialister
ASV842;3,71003452191896;-5,34398644272776;1,58925181542339;-3,36258004607287;7,72177354546429e-04;4,05393111136875e-03;Bacteria;Firmicutes;Clostridia;Peptostreptococcales-Tissierellales;Family XI;Peptoniphilus
ASV843;3,40566785483976;-5,86530253517160;2,26519875452690;-2,58931033025250;9,61683845199820e-03;2,60897004893922e-02;Bacteria;Firmicutes;Clostridia;Peptostreptococcales-Tissierellales;Family XI;Anaerococcus
ASV848;5,08753312016699;-6,69223641937852;1,73367319005821;-3,86014876261300;1,13318016639369e-04;1,29628085473151e-03;Bacteria;Bacteroidota;Bacteroidia;Bacteroidales;Prevotellaceae;Prevotella
ASV849;4,58525780013201;-5,74497930868310;1,99995515876765;-2,87255405877355;4,07168410744134e-03;1,36093512161525e-02;Bacteria;Bacteroidota;Bacteroidia;Bacteroidales;Prevotellaceae;Prevotella
ASV884;3,70979048528307;-5,91807075735329;2,05550660507758;-2,87913001239415;3,98773901495170e-03;1,34586191754620e-02;Bacteria;Firmicutes;Clostridia;Peptostreptococcales-Tissierellales;Family XI;Anaerococcus
ASV885;3,97037264082094;-5,78930054851406;2,17076787587885;-2,66693671527188;7,65460841063824e-03;2,17008148441594e-02;Bacteria;Firmicutes;Clostridia;Peptostreptococcales-Tissierellales;Family XI;Anaerococcus
ASV891;4,60403453140394;-5,98001998687594;2,17653304096985;-2,74749791264886;6,00518911420981e-03;1,78269226584134e-02;Bacteria;Firmicutes;Clostridia;Peptostreptococcales-Tissierellales;Family XI;Ezakiella
ASV902;4,24217106914844;-5,98236846804043;2,17309953056819;-2,75291968172128;5,90663853500647e-03;1,76266528913088e-02;Bacteria;Campylobacterota;Campylobacteria;Campylobacterales;Campylobacteraceae;Campylobacter
ASV909;4,65338210509279;-6,61611661456317;1,73943972962386;-3,80359060557612;1,42613797820949e-04;1,41863198885049e-03;Bacteria;Bacteroidota;Bacteroidia;Bacteroidales;Prevotellaceae;Prevotella
ASV916;3,22059034118387;-5,25048409140493;1,73509821517318;-3,02604431581464;2,47775984756210e-03;9,24269627347178e-03;Bacteria;Firmicutes;Clostridia;Peptostreptococcales-Tissierellales;Family XI;Peptoniphilus
ASV923;4,34693519986444;-6,07403791917019;1,74640573269016;-3,47802220610771;5,05128076622189e-04;2,95265587056476e-03;Bacteria;Firmicutes;Negativicutes;Veillonellales-Selenomonadales;Veillonellaceae;Dialister
ASV924;4,49242071616782;-6,42765939612655;1,75875418499335;-3,65466615572026;2,57516845867259e-04;1,89626041047709e-03;Bacteria;Bacteroidota;Bacteroidia;Bacteroidales;Prevotellaceae;Prevotella
ASV931;3,55241995723922;-6,02038612997770;2,03002935595309;-2,96566456653587;3,02029708107257e-03;1,06366984159512e-02;Bacteria;Firmicutes;Clostridia;Peptostreptococcales-Tissierellales;Family XI;Ezakiella
ASV941;2,39232645770891;4,22712118293369;1,82050322395330;2,32195204453103;2,02355179676794e-02;4,55299154272786e-02;Bacteria;Firmicutes;Bacilli;Lactobacillales;Lactobacillaceae;Lactobacillus
ASV951;3,87710888467844;-5,81739301638164;2,06935663870849;-2,81120852131720;4,93557876492436e-03;1,58690824495748e-02;Bacteria;Firmicutes;Clostridia;Peptostreptococcales-Tissierellales;Family XI;Anaerococcus
ASV975;4,01380341605814;-5,35318521187496;2,29831003726601;-2,32918323684602;1,98493605748265e-02;4,48620259977436e-02;Bacteria;Firmicutes;Clostridia;Peptostreptococcales-Tissierellales;Family XI;Parvimonas
ASV989;2,84687571828900;-5,81638840707809;2,36376704931173;-2,46064366146896;1,38688035170250e-02;3,43148599671616e-02;Bacteria;Firmicutes;Clostridia;Peptostreptococcales-Tissierellales;Family XI;Anaerococcus
ASV1022;3,45917461781069;-5,74308279397655;2,28702911668204;-2,51115420966238;1,20337116083060e-02;3,14332791152096e-02;Bacteria;Firmicutes;Clostridia;Peptostreptococcales-Tissierellales;Family XI;Ezakiella
ASV1038;3,46406835483770;-5,85514893475816;2,05744238205717;-2,84583859349868;4,42946404089735e-03;1,45173763652532e-02;Bacteria;Campylobacterota;Campylobacteria;Campylobacterales;Campylobacteraceae;Campylobacter
ASV1044;3,25759289243797;-5,94162204394705;2,36769284602874;-2,50945643304736;1,20917130392327e-02;3,14332791152096e-02;Bacteria;Firmicutes;Clostridia;Peptostreptococcales-Tissierellales;Family XI;Parvimonas
ASV1086;3,38127259470015;-5,96299172993965;2,03714868260489;-2,92712641981281;3,42109788466209e-03;1,19003834392847e-02;Bacteria;Firmicutes;Clostridia;Peptostreptococcales-Tissierellales;Family XI;Ezakiella
ASV1129;2,87985893099648;-5,88174270631741;2,09671191320660;-2,80522215249027;5,02819111859951e-03;1,60167660912692e-02;Bacteria;Firmicutes;Clostridia;Peptostreptococcales-Tissierellales;Family XI;Anaerococcus
ASV1132;2,29368925711084;-5,38797981018906;2,30584852852247;-2,33665817313748;1,94569650364912e-02;4,44842708697199e-02;Bacteria;Firmicutes;Clostridia;Peptostreptococcales-Tissierellales;Family XI;Anaerococcus
